id;nom;prenom;dt_naissance;email;nb_taches_en_cours;numero_carte_bleue
1;deposit Generic GB;facilitate Argentina;2020-09-30T12:24:07;Buford24@yahoo.com;52568;South Dakota Wooden TCP
2;solid state payment;Shoes;2020-09-29T14:26:18;Trace_Daniel@gmail.com;1335;COM synthesize
3;Paradigm;Macao silver hub;2020-09-30T09:37:18;Mazie.Fisher48@yahoo.com;76784;Avon lavender
4;panel;navigating initiatives;2020-09-29T16:15:47;Rhianna.Koss@hotmail.com;47740;Isle connect help-desk
5;Iraqi Dinar Principal;Pizza Tactics;2020-09-30T11:56:25;Susan.Cummerata0@hotmail.com;14500;Baby deposit optimizing
6;extensible Cove initiatives;Granite Tactics Knoll;2020-09-29T22:43:51;Kendrick.Murray@gmail.com;24719;Graphical User Interface
7;invoice standardization;mission-critical Oregon;2020-09-30T12:01:55;Magali.Lemke@hotmail.com;29375;indigo Montenegro Rustic
8;connecting monitor;auxiliary;2020-09-30T00:05:26;Paolo6@yahoo.com;7331;deliverables Communications deploy
9;Specialist Virtual;bandwidth;2020-09-29T20:29:04;August85@gmail.com;78267;frame
10;Solomon Islands Dollar open-source;structure;2020-09-30T11:32:41;Trevor19@gmail.com;71104;interface Dynamic
